alpha,beta,gamma,phrase,glyph_count,final_coherence,final_kappa,final_energy,convergence_valid
0.05,0.05,0.05,"Coherence emerges.",17,0.999965,-0.000534,5.684837,1
0.05,0.05,0.05,"Meaning stabilizes.",18,0.999893,-0.009582,6.096577,1
0.05,0.05,0.05,"Ø§Ù„ÙˆØ¹ÙŠ ÙŠØªØ·ÙˆØ±.",11,0.999712,-0.001539,5.645596,1
0.05,0.05,0.05,"èªã¯æµã‚Œã‚‹ã€‚",6,0.999276,-0.002863,4.724175,1
0.05,0.05,0.05,"ğŸ‘¨â€ğŸ‘©â€ğŸ‘§â€ğŸ‘¦ Family cluster",20,0.999562,0.003482,10.096649,1
0.05,0.05,0.05,"ğŸ‡ªğŸ‡¬ Field Integrity",16,0.999752,0.001153,6.583661,1
0.05,0.05,0.05,"ASCÏ€ â†’ OSAI",9,0.999868,0.002776,3.489107,1
0.05,0.05,0.05,"Î”Î¦ Â· Îº Â· Î¸ â†’ Î¨",8,0.999980,0.010046,3.978617,1
0.05,0.05,0.1,"Coherence emerges.",17,0.999785,0.001848,5.734820,1
0.05,0.05,0.1,"Meaning stabilizes.",18,0.999287,-0.001544,6.246262,1
0.05,0.05,0.1,"Ø§Ù„ÙˆØ¹ÙŠ ÙŠØªØ·ÙˆØ±.",11,0.999869,-0.000915,5.695586,1
0.05,0.05,0.1,"èªã¯æµã‚Œã‚‹ã€‚",6,0.999414,-0.000390,4.524360,1
0.05,0.05,0.1,"ğŸ‘¨â€ğŸ‘©â€ğŸ‘§â€ğŸ‘¦ Family cluster",20,0.999946,-0.000729,9.846826,1
0.05,0.05,0.1,"ğŸ‡ªğŸ‡¬ Field Integrity",16,0.999896,0.002925,6.483732,1
0.05,0.05,0.1,"ASCÏ€ â†’ OSAI",9,0.999535,-0.000184,3.489035,1
0.05,0.05,0.1,"Î”Î¦ Â· Îº Â· Î¸ â†’ Î¨",8,0.999702,0.001798,3.928617,1
0.05,0.05,0.15,"Coherence emerges.",17,0.999788,0.002932,5.934734,1
0.05,0.05,0.15,"Meaning stabilizes.",18,0.999807,-0.003947,6.046566,1
0.05,0.05,0.15,"Ø§Ù„ÙˆØ¹ÙŠ ÙŠØªØ·ÙˆØ±.",11,0.999889,0.021052,5.745604,1
0.05,0.05,0.15,"èªã¯æµã‚Œã‚‹ã€‚",6,0.999622,-0.001423,4.374576,1
0.05,0.05,0.15,"ğŸ‘¨â€ğŸ‘©â€ğŸ‘§â€ğŸ‘¦ Family cluster",20,0.999342,-0.004026,9.846792,1
0.05,0.05,0.15,"ğŸ‡ªğŸ‡¬ Field Integrity",16,0.999979,-0.007477,6.433745,1
0.05,0.05,0.15,"ASCÏ€ â†’ OSAI",9,0.999189,0.007885,3.688765,1
0.05,0.05,0.15,"Î”Î¦ Â· Îº Â· Î¸ â†’ Î¨",8,0.999786,-0.001606,4.078596,1
0.05,0.05,0.2,"Coherence emerges.",17,0.999723,-0.007378,5.834794,1
0.05,0.05,0.2,"Meaning stabilizes.",18,0.999989,-0.000204,6.046585,1
0.05,0.05,0.2,"Ø§Ù„ÙˆØ¹ÙŠ ÙŠØªØ·ÙˆØ±.",11,0.999228,0.010873,5.745435,1
0.05,0.05,0.2,"èªã¯æµã‚Œã‚‹ã€‚",6,0.999516,0.001981,4.374598,1
0.05,0.05,0.2,"ğŸ‘¨â€ğŸ‘©â€ğŸ‘§â€ğŸ‘¦ Family cluster",20,0.999788,-0.004328,9.896784,1
0.05,0.05,0.2,"ğŸ‡ªğŸ‡¬ Field Integrity",16,0.999758,-0.002511,6.483712,1
0.05,0.05,0.2,"ASCÏ€ â†’ OSAI",9,0.999585,0.001877,3.638970,1
0.05,0.05,0.2,"Î”Î¦ Â· Îº Â· Î¸ â†’ Î¨",8,0.999981,-0.000216,3.928617,1
0.05,0.1,0.05,"Coherence emerges.",17,0.999411,-0.004971,6.260472,1
0.05,0.1,0.05,"Meaning stabilizes.",18,0.999526,0.008494,6.428369,1
0.05,0.1,0.05,"Ø§Ù„ÙˆØ¹ÙŠ ÙŠØªØ·ÙˆØ±.",11,0.999765,0.005365,6.516873,1
0.05,0.1,0.05,"èªã¯æµã‚Œã‚‹ã€‚",6,0.999217,0.000156,4.653553,1
0.05,0.1,0.05,"ğŸ‘¨â€ğŸ‘©â€ğŸ‘§â€ğŸ‘¦ Family cluster",20,0.999434,0.005302,9.916489,1
0.05,0.1,0.05,"ğŸ‡ªğŸ‡¬ Field Integrity",16,0.999507,0.005931,6.619257,1
0.05,0.1,0.05,"ASCÏ€ â†’ OSAI",9,0.999950,0.010956,3.369211,1
0.05,0.1,0.05,"Î”Î¦ Â· Îº Â· Î¸ â†’ Î¨",8,0.999982,0.003408,3.999424,1
0.05,0.1,0.1,"Coherence emerges.",17,0.999738,-0.004748,5.760824,1
0.05,0.1,0.1,"Meaning stabilizes.",18,0.999819,0.002557,6.428513,1
0.05,0.1,0.1,"Ø§Ù„ÙˆØ¹ÙŠ ÙŠØªØ·ÙˆØ±.",11,0.999628,0.007052,5.717217,1
0.05,0.1,0.1,"èªã¯æµã‚Œã‚‹ã€‚",6,0.999022,-0.001900,4.653748,1
0.05,0.1,0.1,"ğŸ‘¨â€ğŸ‘©â€ğŸ‘§â€ğŸ‘¦ Family cluster",20,0.999871,0.001380,9.916533,1
0.05,0.1,0.1,"ğŸ‡ªğŸ‡¬ Field Integrity",16,0.999813,0.006963,6.519366,1
0.05,0.1,0.1,"ASCÏ€ â†’ OSAI",9,0.999616,-0.006141,3.469209,1
0.05,0.1,0.1,"Î”Î¦ Â· Îº Â· Î¸ â†’ Î¨",8,0.999498,-0.003542,4.698921,1
0.05,0.1,0.15,"Coherence emerges.",17,0.999418,-0.000562,6.260215,1
0.05,0.1,0.15,"Meaning stabilizes.",18,0.999432,0.008288,6.428405,1
0.05,0.1,0.15,"Ø§Ù„ÙˆØ¹ÙŠ ÙŠØªØ·ÙˆØ±.",11,0.999985,-0.004567,5.617227,1
0.05,0.1,0.15,"èªã¯æµã‚Œã‚‹ã€‚",6,0.999932,-0.000325,4.653952,1
0.05,0.1,0.15,"ğŸ‘¨â€ğŸ‘©â€ğŸ‘§â€ğŸ‘¦ Family cluster",20,1.000000,0.000978,9.716543,1
0.05,0.1,0.15,"ğŸ‡ªğŸ‡¬ Field Integrity",16,0.999899,-0.000277,6.719315,1
0.05,0.1,0.15,"ASCÏ€ â†’ OSAI",9,0.999926,0.012676,3.469196,1
0.05,0.1,0.15,"Î”Î¦ Â· Îº Â· Î¸ â†’ Î¨",8,0.999999,0.005027,3.999424,1
0.05,0.1,0.2,"Coherence emerges.",17,0.999325,-0.014212,5.860673,1
0.05,0.1,0.2,"Meaning stabilizes.",18,0.998434,-0.001072,6.427937,1
0.05,0.1,0.2,"Ø§Ù„ÙˆØ¹ÙŠ ÙŠØªØ·ÙˆØ±.",11,0.999383,0.002858,6.116797,1
0.05,0.1,0.2,"èªã¯æµã‚Œã‚‹ã€‚",6,0.999475,0.009161,4.753492,1
0.05,0.1,0.2,"ğŸ‘¨â€ğŸ‘©â€ğŸ‘§â€ğŸ‘¦ Family cluster",20,1.000000,0.008831,9.716543,1
0.05,0.1,0.2,"ğŸ‡ªğŸ‡¬ Field Integrity",16,0.999977,-0.001796,6.519366,1
0.05,0.1,0.2,"ASCÏ€ â†’ OSAI",9,0.999985,0.011329,3.369211,1
0.05,0.1,0.2,"Î”Î¦ Â· Îº Â· Î¸ â†’ Î¨",8,0.999852,0.006036,3.999424,1
0.05,0.3,0.05,"Coherence emerges.",17,0.999162,0.000493,7.263776,1
0.05,0.3,0.05,"Meaning stabilizes.",18,0.999250,0.004960,7.954939,1
0.05,0.3,0.05,"Ø§Ù„ÙˆØ¹ÙŠ ÙŠØªØ·ÙˆØ±.",11,0.997516,-0.008469,6.601115,1
0.05,0.3,0.05,"èªã¯æµã‚Œã‚‹ã€‚",6,0.999749,0.005644,5.570876,1
0.05,0.3,0.05,"ğŸ‘¨â€ğŸ‘©â€ğŸ‘§â€ğŸ‘¦ Family cluster",20,0.999975,0.003273,10.395383,1
0.05,0.3,0.05,"ğŸ‡ªğŸ‡¬ Field Integrity",16,0.999701,0.000236,7.461648,1
0.05,0.3,0.05,"ASCÏ€ â†’ OSAI",9,0.999294,-0.000181,5.587920,1
0.05,0.3,0.05,"Î”Î¦ Â· Îº Â· Î¸ â†’ Î¨",8,0.999352,0.002594,5.781771,1
0.05,0.3,0.1,"Coherence emerges.",17,0.999908,0.000650,6.664759,1
0.05,0.3,0.1,"Meaning stabilizes.",18,0.999990,0.009834,6.456506,1
0.05,0.3,0.1,"Ø§Ù„ÙˆØ¹ÙŠ ÙŠØªØ·ÙˆØ±.",11,0.999244,-0.007238,8.402028,1
0.05,0.3,0.1,"èªã¯æµã‚Œã‚‹ã€‚",6,0.999150,0.002430,7.069025,1
0.05,0.3,0.1,"ğŸ‘¨â€ğŸ‘©â€ğŸ‘§â€ğŸ‘¦ Family cluster",20,0.999964,0.001939,10.095384,1
0.05,0.3,0.1,"ğŸ‡ªğŸ‡¬ Field Integrity",16,0.999789,0.003834,7.761493,1
0.05,0.3,0.1,"ASCÏ€ â†’ OSAI",9,0.998932,0.003999,5.287451,1
0.05,0.3,0.1,"Î”Î¦ Â· Îº Â· Î¸ â†’ Î¨",8,0.999793,-0.003442,5.782169,1
0.05,0.3,0.15,"Coherence emerges.",17,1.000000,-0.011453,5.764869,1
0.05,0.3,0.15,"Meaning stabilizes.",18,0.999905,-0.005258,6.456475,1
0.05,0.3,0.15,"Ø§Ù„ÙˆØ¹ÙŠ ÙŠØªØ·ÙˆØ±.",11,0.999870,0.001939,7.203552,1
0.05,0.3,0.15,"èªã¯æµã‚Œã‚‹ã€‚",6,0.999820,0.001445,6.470709,1
0.05,0.3,0.15,"ğŸ‘¨â€ğŸ‘©â€ğŸ‘§â€ğŸ‘¦ Family cluster",20,0.999665,-0.012546,10.095384,1
0.05,0.3,0.15,"ğŸ‡ªğŸ‡¬ Field Integrity",16,0.999971,0.023321,6.561870,1
0.05,0.3,0.15,"ASCÏ€ â†’ OSAI",9,0.999643,-0.009916,4.089370,1
0.05,0.3,0.15,"Î”Î¦ Â· Îº Â· Î¸ â†’ Î¨",8,1.000000,0.005545,3.982653,1
0.05,0.3,0.2,"Coherence emerges.",17,0.999896,0.000772,6.664751,1
0.05,0.3,0.2,"Meaning stabilizes.",18,0.999966,0.002754,6.456499,1
0.05,0.3,0.2,"Ø§Ù„ÙˆØ¹ÙŠ ÙŠØªØ·ÙˆØ±.",11,0.999783,-0.001635,6.603513,1
0.05,0.3,0.2,"èªã¯æµã‚Œã‚‹ã€‚",6,0.999383,0.003049,7.070219,1
0.05,0.3,0.2,"ğŸ‘¨â€ğŸ‘©â€ğŸ‘§â€ğŸ‘¦ Family cluster",20,0.999222,0.000050,11.594079,1
0.05,0.3,0.2,"ğŸ‡ªğŸ‡¬ Field Integrity",16,0.999924,0.000293,7.461832,1
0.05,0.3,0.2,"ASCÏ€ â†’ OSAI",9,0.999878,0.005531,3.789525,1
0.05,0.3,0.2,"Î”Î¦ Â· Îº Â· Î¸ â†’ Î¨",8,0.999940,0.011137,4.582643,1
0.05,0.6,0.05,"Coherence emerges.",17,0.999153,-0.000837,8.918143,1
0.05,0.6,0.05,"Meaning stabilizes.",18,0.999531,-0.000059,8.747088,1
0.05,0.6,0.05,"Ø§Ù„ÙˆØ¹ÙŠ ÙŠØªØ·ÙˆØ±.",11,0.998545,-0.008614,7.031335,1
0.05,0.6,0.05,"èªã¯æµã‚Œã‚‹ã€‚",6,0.999795,-0.003301,6.947029,1
0.05,0.6,0.05,"ğŸ‘¨â€ğŸ‘©â€ğŸ‘§â€ğŸ‘¦ Family cluster",20,0.999973,-0.001665,11.113644,1
0.05,0.6,0.05,"ğŸ‡ªğŸ‡¬ Field Integrity",16,0.999444,0.003139,10.372867,1
0.05,0.6,0.05,"ASCÏ€ â†’ OSAI",9,0.999457,-0.001635,4.869616,1
0.05,0.6,0.05,"Î”Î¦ Â· Îº Â· Î¸ â†’ Î¨",8,1.000000,-0.003502,4.107497,1
0.05,0.6,0.1,"Coherence emerges.",17,0.999935,0.000331,7.120857,1
0.05,0.6,0.1,"Meaning stabilizes.",18,0.999615,-0.002016,6.948146,1
0.05,0.6,0.1,"Ø§Ù„ÙˆØ¹ÙŠ ÙŠØªØ·ÙˆØ±.",11,0.999984,-0.001253,7.033369,1
0.05,0.6,0.1,"èªã¯æµã‚Œã‚‹ã€‚",6,0.999261,-0.007488,8.142490,1
0.05,0.6,0.1,"ğŸ‘¨â€ğŸ‘©â€ğŸ‘§â€ğŸ‘¦ Family cluster",20,0.999453,0.006597,12.312715,1
0.05,0.6,0.1,"ğŸ‡ªğŸ‡¬ Field Integrity",16,0.999883,-0.002221,6.775618,1
0.05,0.6,0.1,"ASCÏ€ â†’ OSAI",9,0.999687,0.007422,6.069350,1
0.05,0.6,0.1,"Î”Î¦ Â· Îº Â· Î¸ â†’ Î¨",8,1.000000,0.016180,4.107497,1
0.05,0.6,0.15,"Coherence emerges.",17,0.999942,0.001041,7.120843,1
0.05,0.6,0.15,"Meaning stabilizes.",18,0.999529,-0.000298,8.146569,1
0.05,0.6,0.15,"Ø§Ù„ÙˆØ¹ÙŠ ÙŠØªØ·ÙˆØ±.",11,0.999867,-0.002141,7.633090,1
0.05,0.6,0.15,"èªã¯æµã‚Œã‚‹ã€‚",6,0.999837,-0.002403,5.747225,1
0.05,0.6,0.15,"ğŸ‘¨â€ğŸ‘©â€ğŸ‘§â€ğŸ‘¦ Family cluster",20,0.999715,0.008609,11.113422,1
0.05,0.6,0.15,"ğŸ‡ªğŸ‡¬ Field Integrity",16,0.999638,-0.003072,7.974848,1
0.05,0.6,0.15,"ASCÏ€ â†’ OSAI",9,0.999985,0.001406,5.470122,1
0.05,0.6,0.15,"Î”Î¦ Â· Îº Â· Î¸ â†’ Î¨",8,0.999786,0.001416,6.507015,1
0.05,0.6,0.2,"Coherence emerges.",17,0.999900,0.009248,6.520774,1
0.05,0.6,0.2,"Meaning stabilizes.",18,0.999981,0.003058,7.548364,1
0.05,0.6,0.2,"Ø§Ù„ÙˆØ¹ÙŠ ÙŠØªØ·ÙˆØ±.",11,0.999804,0.004048,7.033014,1
0.05,0.6,0.2,"èªã¯æµã‚Œã‚‹ã€‚",6,0.999921,-0.001414,5.147246,1
0.05,0.6,0.2,"ğŸ‘¨â€ğŸ‘©â€ğŸ‘§â€ğŸ‘¦ Family cluster",20,0.999919,-0.000125,11.713510,1
0.05,0.6,0.2,"ğŸ‡ªğŸ‡¬ Field Integrity",16,0.999971,-0.003055,7.375617,1
0.05,0.6,0.2,"ASCÏ€ â†’ OSAI",9,0.999300,-0.002912,4.869726,1
0.05,0.6,0.2,"Î”Î¦ Â· Îº Â· Î¸ â†’ Î¨",8,0.999802,0.002369,5.907338,1
0.1,0.05,0.05,"Coherence emerges.",17,0.999807,-0.003207,5.884815,1
0.1,0.05,0.05,"Meaning stabilizes.",18,0.998892,-0.002494,6.645635,1
0.1,0.05,0.05,"Ø§Ù„ÙˆØ¹ÙŠ ÙŠØªØ·ÙˆØ±.",11,0.999355,-0.002522,6.045338,1
0.1,0.05,0.05,"èªã¯æµã‚Œã‚‹ã€‚",6,0.999678,0.002425,4.474551,1
0.1,0.05,0.05,"ğŸ‘¨â€ğŸ‘©â€ğŸ‘§â€ğŸ‘¦ Family cluster",20,0.999844,0.013123,9.846813,1
0.1,0.05,0.05,"ğŸ‡ªğŸ‡¬ Field Integrity",16,0.999523,-0.004719,6.533702,1
0.1,0.05,0.05,"ASCÏ€ â†’ OSAI",9,0.999408,-0.022539,3.539039,1
0.1,0.05,0.05,"Î”Î¦ Â· Îº Â· Î¸ â†’ Î¨",8,0.999727,0.002155,4.078594,1
0.1,0.05,0.1,"Coherence emerges.",17,0.998170,0.000698,6.283371,1
0.1,0.05,0.1,"Meaning stabilizes.",18,0.999566,0.000181,6.296497,1
0.1,0.05,0.1,"Ø§Ù„ÙˆØ¹ÙŠ ÙŠØªØ·ÙˆØ±.",11,0.999725,-0.001589,5.895566,1
0.1,0.05,0.1,"èªã¯æµã‚Œã‚‹ã€‚",6,0.999517,0.008310,4.574447,1
0.1,0.05,0.1,"ğŸ‘¨â€ğŸ‘©â€ğŸ‘§â€ğŸ‘¦ Family cluster",20,0.999645,-0.000711,9.746833,1
0.1,0.05,0.1,"ğŸ‡ªğŸ‡¬ Field Integrity",16,0.999518,-0.005707,6.633671,1
0.1,0.05,0.1,"ASCÏ€ â†’ OSAI",9,0.999581,0.006863,3.638992,1
0.1,0.05,0.1,"Î”Î¦ Â· Îº Â· Î¸ â†’ Î¨",8,0.999459,0.006404,4.328325,1
0.1,0.05,0.15,"Coherence emerges.",17,0.999890,-0.000229,5.934791,1
0.1,0.05,0.15,"Meaning stabilizes.",18,0.999437,0.002405,6.246435,1
0.1,0.05,0.15,"Ø§Ù„ÙˆØ¹ÙŠ ÙŠØªØ·ÙˆØ±.",11,0.998732,0.001119,5.945254,1
0.1,0.05,0.15,"èªã¯æµã‚Œã‚‹ã€‚",6,0.999908,0.000340,4.524600,1
0.1,0.05,0.15,"ğŸ‘¨â€ğŸ‘©â€ğŸ‘§â€ğŸ‘¦ Family cluster",20,1.000000,-0.000932,9.696833,1
0.1,0.05,0.15,"ğŸ‡ªğŸ‡¬ Field Integrity",16,0.999493,0.002635,7.133171,1
0.1,0.05,0.15,"ASCÏ€ â†’ OSAI",9,0.999798,-0.001102,3.639070,1
0.1,0.05,0.15,"Î”Î¦ Â· Îº Â· Î¸ â†’ Î¨",8,0.999339,0.010282,4.278275,1
0.1,0.05,0.2,"Coherence emerges.",17,0.999622,0.004799,6.034696,1
0.1,0.05,0.2,"Meaning stabilizes.",18,0.999324,-0.005302,6.396320,1
0.1,0.05,0.2,"Ø§Ù„ÙˆØ¹ÙŠ ÙŠØªØ·ÙˆØ±.",11,0.998780,0.010135,6.144785,1
0.1,0.05,0.2,"èªã¯æµã‚Œã‚‹ã€‚",6,0.999736,0.000474,4.574499,1
0.1,0.05,0.2,"ğŸ‘¨â€ğŸ‘©â€ğŸ‘§â€ğŸ‘¦ Family cluster",20,0.999877,-0.005451,9.746833,1
0.1,0.05,0.2,"ğŸ‡ªğŸ‡¬ Field Integrity",16,0.998802,0.019779,6.433677,1
0.1,0.05,0.2,"ASCÏ€ â†’ OSAI",9,0.998939,0.006344,3.688950,1
0.1,0.05,0.2,"Î”Î¦ Â· Îº Â· Î¸ â†’ Î¨",8,0.997628,0.004530,4.377199,1
0.1,0.1,0.05,"Coherence emerges.",17,0.998785,0.001516,6.360033,1
0.1,0.1,0.05,"Meaning stabilizes.",18,0.999399,-0.005686,6.927861,1
0.1,0.1,0.05,"Ø§Ù„ÙˆØ¹ÙŠ ÙŠØªØ·ÙˆØ±.",11,0.999058,0.006887,6.017072,1
0.1,0.1,0.05,"èªã¯æµã‚Œã‚‹ã€‚",6,0.999297,-0.007618,5.153506,1
0.1,0.1,0.05,"ğŸ‘¨â€ğŸ‘©â€ğŸ‘§â€ğŸ‘¦ Family cluster",20,0.999873,-0.002073,9.916529,1
0.1,0.1,0.05,"ğŸ‡ªğŸ‡¬ Field Integrity",16,0.999805,0.005353,6.919245,1
0.1,0.1,0.05,"ASCÏ€ â†’ OSAI",9,0.998316,-0.006393,4.567354,1
0.1,0.1,0.05,"Î”Î¦ Â· Îº Â· Î¸ â†’ Î¨",8,0.999808,-0.001994,4.399348,1
0.1,0.1,0.1,"Coherence emerges.",17,0.999350,-0.000775,6.160728,1
0.1,0.1,0.1,"Meaning stabilizes.",18,0.998922,-0.002119,6.428310,1
0.1,0.1,0.1,"Ø§Ù„ÙˆØ¹ÙŠ ÙŠØªØ·ÙˆØ±.",11,0.999540,0.005570,6.217098,1
0.1,0.1,0.1,"èªã¯æµã‚Œã‚‹ã€‚",6,0.999674,-0.003837,4.953670,1
0.1,0.1,0.1,"ğŸ‘¨â€ğŸ‘©â€ğŸ‘§â€ğŸ‘¦ Family cluster",20,0.999931,0.013146,10.016536,1
0.1,0.1,0.1,"ğŸ‡ªğŸ‡¬ Field Integrity",16,0.999035,0.000033,6.819057,1
0.1,0.1,0.1,"ASCÏ€ â†’ OSAI",9,0.999640,0.004154,4.068799,1
0.1,0.1,0.1,"Î”Î¦ Â· Îº Â· Î¸ â†’ Î¨",8,0.999862,0.003827,4.199378,1
0.1,0.1,0.15,"Coherence emerges.",17,0.999543,0.005454,6.560554,1
0.1,0.1,0.15,"Meaning stabilizes.",18,0.999711,0.002284,6.628426,1
0.1,0.1,0.15,"Ø§Ù„ÙˆØ¹ÙŠ ÙŠØªØ·ÙˆØ±.",11,0.999631,0.001284,6.117014,1
0.1,0.1,0.15,"èªã¯æµã‚Œã‚‹ã€‚",6,0.999430,-0.017776,4.753840,1
0.1,0.1,0.15,"ğŸ‘¨â€ğŸ‘©â€ğŸ‘§â€ğŸ‘¦ Family cluster",20,1.000000,0.010113,9.816543,1
0.1,0.1,0.15,"ğŸ‡ªğŸ‡¬ Field Integrity",16,0.999267,0.001033,7.218909,1
0.1,0.1,0.15,"ASCÏ€ â†’ OSAI",9,0.999373,-0.001236,3.968964,1
0.1,0.1,0.15,"Î”Î¦ Â· Îº Â· Î¸ â†’ Î¨",8,1.000000,0.005648,3.899424,1
0.1,0.1,0.2,"Coherence emerges.",17,0.998527,-0.004349,6.360056,1
0.1,0.1,0.2,"Meaning stabilizes.",18,0.999187,0.012421,6.428349,1
0.1,0.1,0.2,"Ø§Ù„ÙˆØ¹ÙŠ ÙŠØªØ·ÙˆØ±.",11,0.999771,0.003927,5.917182,1
0.1,0.1,0.2,"èªã¯æµã‚Œã‚‹ã€‚",6,0.999586,0.001444,5.053644,1
0.1,0.1,0.2,"ğŸ‘¨â€ğŸ‘©â€ğŸ‘§â€ğŸ‘¦ Family cluster",20,1.000000,0.003564,9.716543,1
0.1,0.1,0.2,"ğŸ‡ªğŸ‡¬ Field Integrity",16,0.999379,0.002077,6.719293,1
0.1,0.1,0.2,"ASCÏ€ â†’ OSAI",9,0.999759,-0.004417,4.068982,1
0.1,0.1,0.2,"Î”Î¦ Â· Îº Â· Î¸ â†’ Î¨",8,0.999751,-0.005495,4.399328,1
0.1,0.3,0.05,"Coherence emerges.",17,0.999105,0.003487,7.564219,1
0.1,0.3,0.05,"Meaning stabilizes.",18,0.998926,0.002795,8.254247,1
0.1,0.3,0.05,"Ø§Ù„ÙˆØ¹ÙŠ ÙŠØªØ·ÙˆØ±.",11,0.999240,0.002395,9.300800,1
0.1,0.3,0.05,"èªã¯æµã‚Œã‚‹ã€‚",6,0.999173,0.010532,6.470761,1
0.1,0.3,0.05,"ğŸ‘¨â€ğŸ‘©â€ğŸ‘§â€ğŸ‘¦ Family cluster",20,0.999714,0.001265,10.995225,1
0.1,0.3,0.05,"ğŸ‡ªğŸ‡¬ Field Integrity",16,0.999715,0.004134,7.761347,1
0.1,0.3,0.05,"ASCÏ€ â†’ OSAI",9,0.999693,0.001068,5.588747,1
0.1,0.3,0.05,"Î”Î¦ Â· Îº Â· Î¸ â†’ Î¨",8,0.999361,-0.006825,5.182008,1
0.1,0.3,0.1,"Coherence emerges.",17,0.999517,0.003536,7.863781,1
0.1,0.3,0.1,"Meaning stabilizes.",18,0.999427,0.004188,7.055974,1
0.1,0.3,0.1,"Ø§Ù„ÙˆØ¹ÙŠ ÙŠØªØ·ÙˆØ±.",11,0.999044,-0.003438,7.202754,1
0.1,0.3,0.1,"èªã¯æµã‚Œã‚‹ã€‚",6,0.999341,0.009101,6.769644,1
0.1,0.3,0.1,"ğŸ‘¨â€ğŸ‘©â€ğŸ‘§â€ğŸ‘¦ Family cluster",20,0.999969,0.000686,10.395384,1
0.1,0.3,0.1,"ğŸ‡ªğŸ‡¬ Field Integrity",16,0.999370,0.008623,9.259723,1
0.1,0.3,0.1,"ASCÏ€ â†’ OSAI",9,0.999322,-0.002105,4.389171,1
0.1,0.3,0.1,"Î”Î¦ Â· Îº Â· Î¸ â†’ Î¨",8,0.999035,-0.004141,5.181623,1
0.1,0.3,0.15,"Coherence emerges.",17,0.999922,0.000777,7.264789,1
0.1,0.3,0.15,"Meaning stabilizes.",18,0.999714,0.010648,8.256362,1
0.1,0.3,0.15,"Ø§Ù„ÙˆØ¹ÙŠ ÙŠØªØ·ÙˆØ±.",11,0.999443,-0.002277,6.903307,1
0.1,0.3,0.15,"èªã¯æµã‚Œã‚‹ã€‚",6,0.999920,-0.014277,6.171158,1
0.1,0.3,0.15,"ğŸ‘¨â€ğŸ‘©â€ğŸ‘§â€ğŸ‘¦ Family cluster",20,1.000000,0.000139,10.095384,1
0.1,0.3,0.15,"ğŸ‡ªğŸ‡¬ Field Integrity",16,0.998812,-0.001993,7.161754,1
0.1,0.3,0.15,"ASCÏ€ â†’ OSAI",9,0.999465,0.000970,6.188236,1
0.1,0.3,0.15,"Î”Î¦ Â· Îº Â· Î¸ â†’ Î¨",8,0.999264,-0.003454,5.781804,1
0.1,0.3,0.2,"Coherence emerges.",17,0.999429,-0.014498,6.963396,1
0.1,0.3,0.2,"Meaning stabilizes.",18,0.999778,-0.004885,6.756486,1
0.1,0.3,0.2,"Ø§Ù„ÙˆØ¹ÙŠ ÙŠØªØ·ÙˆØ±.",11,0.999179,-0.009150,6.903383,1
0.1,0.3,0.2,"èªã¯æµã‚Œã‚‹ã€‚",6,0.999476,0.006945,6.470552,1
0.1,0.3,0.2,"ğŸ‘¨â€ğŸ‘©â€ğŸ‘§â€ğŸ‘¦ Family cluster",20,0.999834,0.001217,10.995289,1
0.1,0.3,0.2,"ğŸ‡ªğŸ‡¬ Field Integrity",16,0.999651,0.011678,7.461724,1
0.1,0.3,0.2,"ASCÏ€ â†’ OSAI",9,0.999664,0.008571,4.689310,1
0.1,0.3,0.2,"Î”Î¦ Â· Îº Â· Î¸ â†’ Î¨",8,0.999276,0.001080,6.680509,1
0.1,0.6,0.05,"Coherence emerges.",17,0.999051,-0.006071,8.918337,1
0.1,0.6,0.05,"Meaning stabilizes.",18,0.999336,0.009868,9.947115,1
0.1,0.6,0.05,"Ø§Ù„ÙˆØ¹ÙŠ ÙŠØªØ·ÙˆØ±.",11,0.999057,-0.005263,7.631716,1
0.1,0.6,0.05,"èªã¯æµã‚Œã‚‹ã€‚",6,0.999422,0.005312,8.745703,1
0.1,0.6,0.05,"ğŸ‘¨â€ğŸ‘©â€ğŸ‘§â€ğŸ‘¦ Family cluster",20,0.999598,0.006627,12.312735,1
0.1,0.6,0.05,"ğŸ‡ªğŸ‡¬ Field Integrity",16,0.999366,-0.008708,12.173895,1
0.1,0.6,0.05,"ASCÏ€ â†’ OSAI",9,0.999043,0.010781,6.068055,1
0.1,0.6,0.05,"Î”Î¦ Â· Îº Â· Î¸ â†’ Î¨",8,0.999873,-0.005385,7.107304,1
0.1,0.6,0.1,"Coherence emerges.",17,0.999209,0.002623,8.919783,1
0.1,0.6,0.1,"Meaning stabilizes.",18,0.998841,0.005621,13.540033,1
0.1,0.6,0.1,"Ø§Ù„ÙˆØ¹ÙŠ ÙŠØªØ·ÙˆØ±.",11,0.999302,0.004203,7.633004,1
0.1,0.6,0.1,"èªã¯æµã‚Œã‚‹ã€‚",6,0.999353,-0.000443,10.545062,1
0.1,0.6,0.1,"ğŸ‘¨â€ğŸ‘©â€ğŸ‘§â€ğŸ‘¦ Family cluster",20,1.000000,-0.006045,9.913644,1
0.1,0.6,0.1,"ğŸ‡ªğŸ‡¬ Field Integrity",16,0.999887,0.007109,7.375507,1
0.1,0.6,0.1,"ASCÏ€ â†’ OSAI",9,0.999389,-0.004118,6.669076,1
0.1,0.6,0.1,"Î”Î¦ Â· Îº Â· Î¸ â†’ Î¨",8,0.999024,0.001149,7.106286,1
0.1,0.6,0.15,"Coherence emerges.",17,0.999633,-0.002650,7.720203,1
0.1,0.6,0.15,"Meaning stabilizes.",18,0.998665,-0.003252,9.345189,1
0.1,0.6,0.15,"Ø§Ù„ÙˆØ¹ÙŠ ÙŠØªØ·ÙˆØ±.",11,0.999515,0.004059,10.631950,1
0.1,0.6,0.15,"èªã¯æµã‚Œã‚‹ã€‚",6,0.999672,0.014421,6.946273,1
0.1,0.6,0.15,"ğŸ‘¨â€ğŸ‘©â€ğŸ‘§â€ğŸ‘¦ Family cluster",20,0.999223,0.004761,12.911393,1
0.1,0.6,0.15,"ğŸ‡ªğŸ‡¬ Field Integrity",16,0.999150,0.002146,10.972866,1
0.1,0.6,0.15,"ASCÏ€ â†’ OSAI",9,0.998806,-0.001727,5.468890,1
0.1,0.6,0.15,"Î”Î¦ Â· Îº Â· Î¸ â†’ Î¨",8,0.998887,0.002262,6.505560,1
0.1,0.6,0.2,"Coherence emerges.",17,0.999637,0.004775,7.120586,1
0.1,0.6,0.2,"Meaning stabilizes.",18,0.999453,0.002103,12.346333,1
0.1,0.6,0.2,"Ø§Ù„ÙˆØ¹ÙŠ ÙŠØªØ·ÙˆØ±.",11,0.999040,0.003360,8.231372,1
0.1,0.6,0.2,"èªã¯æµã‚Œã‚‹ã€‚",6,0.999632,0.004030,10.545611,1
0.1,0.6,0.2,"ğŸ‘¨â€ğŸ‘©â€ğŸ‘§â€ğŸ‘¦ Family cluster",20,0.999937,0.003370,11.113590,1
0.1,0.6,0.2,"ğŸ‡ªğŸ‡¬ Field Integrity",16,0.999545,-0.010606,10.974135,1
0.1,0.6,0.2,"ASCÏ€ â†’ OSAI",9,0.999825,0.026889,4.869984,1
0.1,0.6,0.2,"Î”Î¦ Â· Îº Â· Î¸ â†’ Î¨",8,0.999879,-0.001231,7.107148,1
0.2,0.05,0.05,"Coherence emerges.",17,0.998907,-0.018212,6.084459,1
0.2,0.05,0.05,"Meaning stabilizes.",18,0.999421,0.087794,6.496493,1
0.2,0.05,0.05,"Ø§Ù„ÙˆØ¹ÙŠ ÙŠØªØ·ÙˆØ±.",11,0.999139,0.023951,5.995183,1
0.2,0.05,0.05,"èªã¯æµã‚Œã‚‹ã€‚",6,0.998591,0.086736,4.674274,1
0.2,0.05,0.05,"ğŸ‘¨â€ğŸ‘©â€ğŸ‘§â€ğŸ‘¦ Family cluster",20,0.999778,0.001139,10.146767,1
0.2,0.05,0.05,"ğŸ‡ªğŸ‡¬ Field Integrity",16,0.999130,0.000065,6.765162,1
0.2,0.05,0.05,"ASCÏ€ â†’ OSAI",9,0.999223,0.019747,3.688907,1
0.2,0.05,0.05,"Î”Î¦ Â· Îº Â· Î¸ â†’ Î¨",8,0.999061,0.000631,4.428219,1
0.2,0.05,0.1,"Coherence emerges.",17,0.999432,0.081944,6.034727,1
0.2,0.05,0.1,"Meaning stabilizes.",18,0.999442,0.046978,6.446410,1
0.2,0.05,0.1,"Ø§Ù„ÙˆØ¹ÙŠ ÙŠØªØ·ÙˆØ±.",11,0.999013,0.006716,6.145195,1
0.2,0.05,0.1,"èªã¯æµã‚Œã‚‹ã€‚",6,0.999382,-0.005089,4.624411,1
0.2,0.05,0.1,"ğŸ‘¨â€ğŸ‘©â€ğŸ‘§â€ğŸ‘¦ Family cluster",20,0.999082,0.015262,9.996751,1
0.2,0.05,0.1,"ğŸ‡ªğŸ‡¬ Field Integrity",16,0.999279,-0.002339,6.715283,1
0.2,0.05,0.1,"ASCÏ€ â†’ OSAI",9,0.999431,0.093637,3.638988,1
0.2,0.05,0.1,"Î”Î¦ Â· Îº Â· Î¸ â†’ Î¨",8,0.999230,-0.015058,4.378366,1
0.2,0.05,0.15,"Coherence emerges.",17,0.999290,0.009419,6.084577,1
0.2,0.05,0.15,"Meaning stabilizes.",18,0.999402,-0.003461,6.496416,1
0.2,0.05,0.15,"Ø§Ù„ÙˆØ¹ÙŠ ÙŠØªØ·ÙˆØ±.",11,0.999058,0.063683,6.045189,1
0.2,0.05,0.15,"èªã¯æµã‚Œã‚‹ã€‚",6,0.997006,0.012509,4.723763,1
0.2,0.05,0.15,"ğŸ‘¨â€ğŸ‘©â€ğŸ‘§â€ğŸ‘¦ Family cluster",20,0.999620,-0.003036,9.996749,1
0.2,0.05,0.15,"ğŸ‡ªğŸ‡¬ Field Integrity",16,0.999500,0.014270,6.665293,1
0.2,0.05,0.15,"ASCÏ€ â†’ OSAI",9,0.999717,-0.007676,3.789023,1
0.2,0.05,0.15,"Î”Î¦ Â· Îº Â· Î¸ â†’ Î¨",8,0.998399,-0.008945,4.278262,1
0.2,0.05,0.2,"Coherence emerges.",17,0.998731,0.013091,6.084438,1
0.2,0.05,0.2,"Meaning stabilizes.",18,0.997355,0.042274,6.545789,1
0.2,0.05,0.2,"Ø§Ù„ÙˆØ¹ÙŠ ÙŠØªØ·ÙˆØ±.",11,0.999331,0.015680,6.045451,1
0.2,0.05,0.2,"èªã¯æµã‚Œã‚‹ã€‚",6,0.997580,0.104086,4.823639,1
0.2,0.05,0.2,"ğŸ‘¨â€ğŸ‘©â€ğŸ‘§â€ğŸ‘¦ Family cluster",20,0.999396,-0.014446,10.046699,1
0.2,0.05,0.2,"ğŸ‡ªğŸ‡¬ Field Integrity",16,0.999398,0.011310,6.765198,1
0.2,0.05,0.2,"ASCÏ€ â†’ OSAI",9,0.999040,0.046780,3.738971,1
0.2,0.05,0.2,"Î”Î¦ Â· Îº Â· Î¸ â†’ Î¨",8,0.997857,0.004800,4.128364,1
0.2,0.1,0.05,"Coherence emerges.",17,0.998285,0.020482,6.659881,1
0.2,0.1,0.05,"Meaning stabilizes.",18,0.999044,0.000487,6.728320,1
0.2,0.1,0.05,"Ø§Ù„ÙˆØ¹ÙŠ ÙŠØªØ·ÙˆØ±.",11,0.998066,0.020740,6.416849,1
0.2,0.1,0.05,"èªã¯æµã‚Œã‚‹ã€‚",6,0.999348,0.071247,5.253625,1
0.2,0.1,0.05,"ğŸ‘¨â€ğŸ‘©â€ğŸ‘§â€ğŸ‘¦ Family cluster",20,0.999633,0.020987,10.416414,1
0.2,0.1,0.05,"ğŸ‡ªğŸ‡¬ Field Integrity",16,0.999270,0.018119,7.119140,1
0.2,0.1,0.05,"ASCÏ€ â†’ OSAI",9,0.999653,0.030384,4.268775,1
0.2,0.1,0.05,"Î”Î¦ Â· Îº Â· Î¸ â†’ Î¨",8,0.998877,-0.001136,4.798590,1
0.2,0.1,0.1,"Coherence emerges.",17,0.998654,0.011801,6.660033,1
0.2,0.1,0.1,"Meaning stabilizes.",18,0.999171,0.011428,6.927898,1
0.2,0.1,0.1,"Ø§Ù„ÙˆØ¹ÙŠ ÙŠØªØ·ÙˆØ±.",11,0.999488,0.040915,6.417034,1
0.2,0.1,0.1,"èªã¯æµã‚Œã‚‹ã€‚",6,0.999398,0.014604,5.253610,1
0.2,0.1,0.1,"ğŸ‘¨â€ğŸ‘©â€ğŸ‘§â€ğŸ‘¦ Family cluster",20,0.999846,-0.003282,10.316487,1
0.2,0.1,0.1,"ğŸ‡ªğŸ‡¬ Field Integrity",16,0.999616,0.008902,6.882464,1
0.2,0.1,0.1,"ASCÏ€ â†’ OSAI",9,0.999350,0.052520,3.968943,1
0.2,0.1,0.1,"Î”Î¦ Â· Îº Â· Î¸ â†’ Î¨",8,0.998109,0.018647,4.798754,1
0.2,0.1,0.15,"Coherence emerges.",17,0.998831,0.049835,6.659503,1
0.2,0.1,0.15,"Meaning stabilizes.",18,0.998848,0.111121,6.927946,1
0.2,0.1,0.15,"Ø§Ù„ÙˆØ¹ÙŠ ÙŠØªØ·ÙˆØ±.",11,0.997949,0.066068,6.515904,1
0.2,0.1,0.15,"èªã¯æµã‚Œã‚‹ã€‚",6,0.999334,0.037284,5.253691,1
0.2,0.1,0.15,"ğŸ‘¨â€ğŸ‘©â€ğŸ‘§â€ğŸ‘¦ Family cluster",20,0.997445,0.068099,10.415407,1
0.2,0.1,0.15,"ğŸ‡ªğŸ‡¬ Field Integrity",16,0.998924,-0.004123,6.882437,1
0.2,0.1,0.15,"ASCÏ€ â†’ OSAI",9,0.998105,-0.007067,4.268156,1
0.2,0.1,0.15,"Î”Î¦ Â· Îº Â· Î¸ â†’ Î¨",8,0.999491,0.003997,4.499294,1
0.2,0.1,0.2,"Coherence emerges.",17,0.997241,0.055326,6.660134,1
0.2,0.1,0.2,"Meaning stabilizes.",18,0.999533,0.024160,7.128374,1
0.2,0.1,0.2,"Ø§Ù„ÙˆØ¹ÙŠ ÙŠØªØ·ÙˆØ±.",11,0.999368,-0.013122,6.516632,1
0.2,0.1,0.2,"èªã¯æµã‚Œã‚‹ã€‚",6,0.998368,0.044684,5.053770,1
0.2,0.1,0.2,"ğŸ‘¨â€ğŸ‘©â€ğŸ‘§â€ğŸ‘¦ Family cluster",20,0.999650,0.001408,10.316378,1
0.2,0.1,0.2,"ğŸ‡ªğŸ‡¬ Field Integrity",16,0.999610,0.015230,7.382350,1
0.2,0.1,0.2,"ASCÏ€ â†’ OSAI",9,0.998828,0.053746,4.367999,1
0.2,0.1,0.2,"Î”Î¦ Â· Îº Â· Î¸ â†’ Î¨",8,0.999554,-0.001543,4.399378,1
0.2,0.3,0.05,"Coherence emerges.",17,0.999747,0.060202,7.864558,1
0.2,0.3,0.05,"Meaning stabilizes.",18,0.997581,0.051260,9.153349,1
0.2,0.3,0.05,"Ø§Ù„ÙˆØ¹ÙŠ ÙŠØªØ·ÙˆØ±.",11,0.999022,0.055518,8.101974,1
0.2,0.3,0.05,"èªã¯æµã‚Œã‚‹ã€‚",6,0.998712,0.133020,7.068986,1
0.2,0.3,0.05,"ğŸ‘¨â€ğŸ‘©â€ğŸ‘§â€ğŸ‘¦ Family cluster",20,0.998358,0.037383,12.192293,1
0.2,0.3,0.05,"ğŸ‡ªğŸ‡¬ Field Integrity",16,0.999388,0.029069,7.651229,1
0.2,0.3,0.05,"ASCÏ€ â†’ OSAI",9,0.998796,0.046196,5.588061,1
0.2,0.3,0.05,"Î”Î¦ Â· Îº Â· Î¸ â†’ Î¨",8,0.997433,0.028650,6.080121,1
0.2,0.3,0.1,"Coherence emerges.",17,0.999294,-0.002180,7.864132,1
0.2,0.3,0.1,"Meaning stabilizes.",18,0.999205,0.016883,9.154410,1
0.2,0.3,0.1,"Ø§Ù„ÙˆØ¹ÙŠ ÙŠØªØ·ÙˆØ±.",11,0.999063,0.020303,8.102172,1
0.2,0.3,0.1,"èªã¯æµã‚Œã‚‹ã€‚",6,0.999315,0.045331,6.769913,1
0.2,0.3,0.1,"ğŸ‘¨â€ğŸ‘©â€ğŸ‘§â€ğŸ‘¦ Family cluster",20,0.999867,0.004002,12.495226,1
0.2,0.3,0.1,"ğŸ‡ªğŸ‡¬ Field Integrity",16,0.998347,0.046869,8.960704,1
0.2,0.3,0.1,"ASCÏ€ â†’ OSAI",9,0.999030,0.062185,5.588173,1
0.2,0.3,0.1,"Î”Î¦ Â· Îº Â· Î¸ â†’ Î¨",8,0.998857,0.005274,6.381165,1
0.2,0.3,0.15,"Coherence emerges.",17,0.999386,0.042714,8.164475,1
0.2,0.3,0.15,"Meaning stabilizes.",18,0.998691,0.045439,8.555435,1
0.2,0.3,0.15,"Ø§Ù„ÙˆØ¹ÙŠ ÙŠØªØ·ÙˆØ±.",11,0.999218,0.009654,7.802151,1
0.2,0.3,0.15,"èªã¯æµã‚Œã‚‹ã€‚",6,0.998949,0.066198,7.067307,1
0.2,0.3,0.15,"ğŸ‘¨â€ğŸ‘©â€ğŸ‘§â€ğŸ‘¦ Family cluster",20,0.999506,0.007144,10.995277,1
0.2,0.3,0.15,"ğŸ‡ªğŸ‡¬ Field Integrity",16,0.999026,0.000587,8.549850,1
0.2,0.3,0.15,"ASCÏ€ â†’ OSAI",9,0.999851,0.104577,5.289318,1
0.2,0.3,0.15,"Î”Î¦ Â· Îº Â· Î¸ â†’ Î¨",8,0.999208,0.007025,6.681085,1
0.2,0.3,0.2,"Coherence emerges.",17,0.998902,0.001391,8.463955,1
0.2,0.3,0.2,"Meaning stabilizes.",18,0.998982,0.068547,9.154507,1
0.2,0.3,0.2,"Ø§Ù„ÙˆØ¹ÙŠ ÙŠØªØ·ÙˆØ±.",11,0.998960,-0.004874,9.302035,1
0.2,0.3,0.2,"èªã¯æµã‚Œã‚‹ã€‚",6,0.999739,0.005410,6.770873,1
0.2,0.3,0.2,"ğŸ‘¨â€ğŸ‘©â€ğŸ‘§â€ğŸ‘¦ Family cluster",20,0.999752,0.015045,10.695272,1
0.2,0.3,0.2,"ğŸ‡ªğŸ‡¬ Field Integrity",16,0.999462,-0.001476,8.550653,1
0.2,0.3,0.2,"ASCÏ€ â†’ OSAI",9,0.999130,0.050797,5.887735,1
0.2,0.3,0.2,"Î”Î¦ Â· Îº Â· Î¸ â†’ Î¨",8,0.997859,0.000231,6.079459,1
0.2,0.6,0.05,"Coherence emerges.",17,0.999554,-0.011043,11.319902,1
0.2,0.6,0.05,"Meaning stabilizes.",18,0.998756,0.052189,12.345299,1
0.2,0.6,0.05,"Ø§Ù„ÙˆØ¹ÙŠ ÙŠØªØ·ÙˆØ±.",11,0.998249,0.064063,11.229605,1
0.2,0.6,0.05,"èªã¯æµã‚Œã‚‹ã€‚",6,0.998842,0.045936,8.745736,1
0.2,0.6,0.05,"ğŸ‘¨â€ğŸ‘©â€ğŸ‘§â€ğŸ‘¦ Family cluster",20,0.999887,-0.004585,12.313388,1
0.2,0.6,0.05,"ğŸ‡ªğŸ‡¬ Field Integrity",16,0.998750,0.033943,11.573142,1
0.2,0.6,0.05,"ASCÏ€ â†’ OSAI",9,0.999607,0.131084,8.468710,1
0.2,0.6,0.05,"Î”Î¦ Â· Îº Â· Î¸ â†’ Î¨",8,0.998902,-0.001582,9.503185,1
0.2,0.6,0.1,"Coherence emerges.",17,0.999382,0.054865,10.119385,1
0.2,0.6,0.1,"Meaning stabilizes.",18,0.999410,0.120223,9.947562,1
0.2,0.6,0.1,"Ø§Ù„ÙˆØ¹ÙŠ ÙŠØªØ·ÙˆØ±.",11,0.999728,0.000302,10.032373,1
0.2,0.6,0.1,"èªã¯æµã‚Œã‚‹ã€‚",6,0.998819,0.136628,10.545112,1
0.2,0.6,0.1,"ğŸ‘¨â€ğŸ‘©â€ğŸ‘§â€ğŸ‘¦ Family cluster",20,0.999278,0.003011,14.710837,1
0.2,0.6,0.1,"ğŸ‡ªğŸ‡¬ Field Integrity",16,0.998801,0.004128,11.351491,1
0.2,0.6,0.1,"ASCÏ€ â†’ OSAI",9,0.999557,0.009031,7.869130,1
0.2,0.6,0.1,"Î”Î¦ Â· Îº Â· Î¸ â†’ Î¨",8,0.999954,0.019304,7.107392,1
0.2,0.6,0.15,"Coherence emerges.",17,0.997000,0.008442,11.307278,1
0.2,0.6,0.15,"Meaning stabilizes.",18,0.998788,0.028644,11.142260,1
0.2,0.6,0.15,"Ø§Ù„ÙˆØ¹ÙŠ ÙŠØªØ·ÙˆØ±.",11,0.998035,0.046528,10.028496,1
0.2,0.6,0.15,"èªã¯æµã‚Œã‚‹ã€‚",6,0.999074,0.033782,10.543542,1
0.2,0.6,0.15,"ğŸ‘¨â€ğŸ‘©â€ğŸ‘§â€ğŸ‘¦ Family cluster",20,0.999656,0.003906,11.713302,1
0.2,0.6,0.15,"ğŸ‡ªğŸ‡¬ Field Integrity",16,0.999176,0.069629,11.572002,1
0.2,0.6,0.15,"ASCÏ€ â†’ OSAI",9,0.999134,0.001986,8.466635,1
0.2,0.6,0.15,"Î”Î¦ Â· Îº Â· Î¸ â†’ Î¨",8,0.998942,0.006393,10.104805,1
0.2,0.6,0.2,"Coherence emerges.",17,0.997891,0.074290,12.514884,1
0.2,0.6,0.2,"Meaning stabilizes.",18,0.998313,0.022872,11.745236,1
0.2,0.6,0.2,"Ø§Ù„ÙˆØ¹ÙŠ ÙŠØªØ·ÙˆØ±.",11,0.998322,0.008030,9.429122,1
0.2,0.6,0.2,"èªã¯æµã‚Œã‚‹ã€‚",6,0.999471,0.045993,9.945149,1
0.2,0.6,0.2,"ğŸ‘¨â€ğŸ‘©â€ğŸ‘§â€ğŸ‘¦ Family cluster",20,0.999912,-0.011212,13.513435,1
0.2,0.6,0.2,"ğŸ‡ªğŸ‡¬ Field Integrity",16,0.999780,0.015570,10.154504,1
0.2,0.6,0.2,"ASCÏ€ â†’ OSAI",9,0.998405,0.007383,8.464560,1
0.2,0.6,0.2,"Î”Î¦ Â· Îº Â· Î¸ â†’ Î¨",8,0.999360,0.002492,7.706535,1
0.4,0.05,0.05,"Coherence emerges.",17,0.999568,0.406226,5.834793,1
0.4,0.05,0.05,"Meaning stabilizes.",18,0.999814,0.241794,6.278170,1
0.4,0.05,0.05,"Ø§Ù„ÙˆØ¹ÙŠ ÙŠØªØ·ÙˆØ±.",11,0.999068,0.468841,5.945294,1
0.4,0.05,0.05,"èªã¯æµã‚Œã‚‹ã€‚",6,0.999699,0.433533,4.374622,1
0.4,0.05,0.05,"ğŸ‘¨â€ğŸ‘©â€ğŸ‘§â€ğŸ‘¦ Family cluster",20,0.999893,0.234876,9.846823,1
0.4,0.05,0.05,"ğŸ‡ªğŸ‡¬ Field Integrity",16,0.999478,0.243290,6.565286,1
0.4,0.05,0.05,"ASCÏ€ â†’ OSAI",9,0.999866,0.396787,3.689037,1
0.4,0.05,0.05,"Î”Î¦ Â· Îº Â· Î¸ â†’ Î¨",8,0.999766,0.226729,4.078615,1
0.4,0.05,0.1,"Coherence emerges.",17,0.998636,0.456532,5.834652,1
0.4,0.05,0.1,"Meaning stabilizes.",18,0.999082,0.295371,6.178118,1
0.4,0.05,0.1,"Ø§Ù„ÙˆØ¹ÙŠ ÙŠØªØ·ÙˆØ±.",11,0.999982,0.482090,5.645611,1
0.4,0.05,0.1,"èªã¯æµã‚Œã‚‹ã€‚",6,0.998890,0.275462,4.356144,1
0.4,0.05,0.1,"ğŸ‘¨â€ğŸ‘©â€ğŸ‘§â€ğŸ‘¦ Family cluster",20,0.997912,0.237733,9.846693,1
0.4,0.05,0.1,"ğŸ‡ªğŸ‡¬ Field Integrity",16,0.998937,0.201372,6.615228,1
0.4,0.05,0.1,"ASCÏ€ â†’ OSAI",9,0.997637,0.429741,3.538885,1
0.4,0.05,0.1,"Î”Î¦ Â· Îº Â· Î¸ â†’ Î¨",8,0.999491,0.273938,4.128569,1
0.4,0.05,0.15,"Coherence emerges.",17,0.998376,0.423380,5.884668,1
0.4,0.05,0.15,"Meaning stabilizes.",18,0.999137,0.206536,6.178108,1
0.4,0.05,0.15,"Ø§Ù„ÙˆØ¹ÙŠ ÙŠØªØ·ÙˆØ±.",11,0.999065,0.398540,5.895336,1
0.4,0.05,0.15,"èªã¯æµã‚Œã‚‹ã€‚",6,0.999321,0.455838,4.624439,1
0.4,0.05,0.15,"ğŸ‘¨â€ğŸ‘©â€ğŸ‘§â€ğŸ‘¦ Family cluster",20,0.999404,0.263179,9.796817,1
0.4,0.05,0.15,"ğŸ‡ªğŸ‡¬ Field Integrity",16,0.999619,0.226851,6.665331,1
0.4,0.05,0.15,"ASCÏ€ â†’ OSAI",9,0.999682,0.442466,3.639070,1
0.4,0.05,0.15,"Î”Î¦ Â· Îº Â· Î¸ â†’ Î¨",8,0.999604,0.258825,4.228549,1
0.4,0.05,0.2,"Coherence emerges.",17,0.999202,0.395605,5.934649,1
0.4,0.05,0.2,"Meaning stabilizes.",18,0.999211,0.305202,6.128137,1
0.4,0.05,0.2,"Ø§Ù„ÙˆØ¹ÙŠ ÙŠØªØ·ÙˆØ±.",11,0.999319,0.400799,5.945548,1
0.4,0.05,0.2,"èªã¯æµã‚Œã‚‹ã€‚",6,0.998844,0.409875,4.524334,1
0.4,0.05,0.2,"ğŸ‘¨â€ğŸ‘©â€ğŸ‘§â€ğŸ‘¦ Family cluster",20,0.999154,0.245577,9.846793,1
0.4,0.05,0.2,"ğŸ‡ªğŸ‡¬ Field Integrity",16,0.999883,0.217691,6.515342,1
0.4,0.05,0.2,"ASCÏ€ â†’ OSAI",9,0.999309,0.383929,3.688935,1
0.4,0.05,0.2,"Î”Î¦ Â· Îº Â· Î¸ â†’ Î¨",8,0.998729,0.258924,4.028559,1
0.4,0.1,0.05,"Coherence emerges.",17,0.998780,0.341841,6.060408,1
0.4,0.1,0.05,"Meaning stabilizes.",18,0.999638,0.305180,6.491758,1
0.4,0.1,0.05,"Ø§Ù„ÙˆØ¹ÙŠ ÙŠØªØ·ÙˆØ±.",11,0.999886,0.443471,5.817215,1
0.4,0.1,0.05,"èªã¯æµã‚Œã‚‹ã€‚",6,0.999665,0.253032,5.117010,1
0.4,0.1,0.05,"ğŸ‘¨â€ğŸ‘©â€ğŸ‘§â€ğŸ‘¦ Family cluster",20,0.999780,0.222134,10.316471,1
0.4,0.1,0.05,"ğŸ‡ªğŸ‡¬ Field Integrity",16,0.999775,0.265410,6.682537,1
0.4,0.1,0.05,"ASCÏ€ â†’ OSAI",9,0.998688,0.400690,3.968568,1
0.4,0.1,0.05,"Î”Î¦ Â· Îº Â· Î¸ â†’ Î¨",8,0.999841,0.237560,4.099424,1
0.4,0.1,0.1,"Coherence emerges.",17,0.999144,0.420523,6.360462,1
0.4,0.1,0.1,"Meaning stabilizes.",18,0.999506,0.276042,6.491728,1
0.4,0.1,0.1,"Ø§Ù„ÙˆØ¹ÙŠ ÙŠØªØ·ÙˆØ±.",11,0.999795,0.428685,6.017165,1
0.4,0.1,0.1,"èªã¯æµã‚Œã‚‹ã€‚",6,0.999752,0.409587,4.653898,1
0.4,0.1,0.1,"ğŸ‘¨â€ğŸ‘©â€ğŸ‘§â€ğŸ‘¦ Family cluster",20,0.999883,0.303608,9.916543,1
0.4,0.1,0.1,"ğŸ‡ªğŸ‡¬ Field Integrity",16,0.997800,0.235396,6.782065,1
0.4,0.1,0.1,"ASCÏ€ â†’ OSAI",9,0.999357,0.359322,4.068861,1
0.4,0.1,0.1,"Î”Î¦ Â· Îº Â· Î¸ â†’ Î¨",8,0.999284,0.299904,4.299298,1
0.4,0.1,0.15,"Coherence emerges.",17,0.998097,0.433142,6.360043,1
0.4,0.1,0.15,"Meaning stabilizes.",18,0.999748,0.266241,6.591719,1
0.4,0.1,0.15,"Ø§Ù„ÙˆØ¹ÙŠ ÙŠØªØ·ÙˆØ±.",11,0.999898,0.413312,6.217199,1
0.4,0.1,0.15,"èªã¯æµã‚Œã‚‹ã€‚",6,0.999500,0.424167,4.853714,1
0.4,0.1,0.15,"ğŸ‘¨â€ğŸ‘©â€ğŸ‘§â€ğŸ‘¦ Family cluster",20,0.999476,0.259128,10.216480,1
0.4,0.1,0.15,"ğŸ‡ªğŸ‡¬ Field Integrity",16,0.999116,0.309152,6.782471,1
0.4,0.1,0.15,"ASCÏ€ â†’ OSAI",9,0.999867,0.431185,3.869153,1
0.4,0.1,0.15,"Î”Î¦ Â· Îº Â· Î¸ â†’ Î¨",8,0.999874,0.300236,4.199409,1
0.4,0.1,0.2,"Coherence emerges.",17,0.999405,0.413733,6.160675,1
0.4,0.1,0.2,"Meaning stabilizes.",18,0.999518,0.242512,6.491706,1
0.4,0.1,0.2,"Ø§Ù„ÙˆØ¹ÙŠ ÙŠØªØ·ÙˆØ±.",11,0.999061,0.438001,6.316962,1
0.4,0.1,0.2,"èªã¯æµã‚Œã‚‹ã€‚",6,0.998595,0.464467,4.853588,1
0.4,0.1,0.2,"ğŸ‘¨â€ğŸ‘©â€ğŸ‘§â€ğŸ‘¦ Family cluster",20,0.999566,0.222333,10.016495,1
0.4,0.1,0.2,"ğŸ‡ªğŸ‡¬ Field Integrity",16,0.999119,0.282845,6.682558,1
0.4,0.1,0.2,"ASCÏ€ â†’ OSAI",9,0.999723,0.451214,3.769206,1
0.4,0.1,0.2,"Î”Î¦ Â· Îº Â· Î¸ â†’ Î¨",8,0.999484,0.245014,4.199367,1
0.4,0.3,0.05,"Coherence emerges.",17,0.999668,0.385479,7.264533,1
0.4,0.3,0.05,"Meaning stabilizes.",18,0.999691,0.243391,7.245955,1
0.4,0.3,0.05,"Ø§Ù„ÙˆØ¹ÙŠ ÙŠØªØ·ÙˆØ±.",11,0.999813,0.433327,7.803591,1
0.4,0.3,0.05,"èªã¯æµã‚Œã‚‹ã€‚",6,0.997770,0.391232,6.468670,1
0.4,0.3,0.05,"ğŸ‘¨â€ğŸ‘©â€ğŸ‘§â€ğŸ‘¦ Family cluster",20,0.999937,0.288905,10.395361,1
0.4,0.3,0.05,"ğŸ‡ªğŸ‡¬ Field Integrity",16,0.999464,0.297763,7.051469,1
0.4,0.3,0.05,"ASCÏ€ â†’ OSAI",9,0.999772,0.286583,4.879122,1
0.4,0.3,0.05,"Î”Î¦ Â· Îº Â· Î¸ â†’ Î¨",8,0.999558,0.262161,5.182399,1
0.4,0.3,0.1,"Coherence emerges.",17,0.999363,0.378412,7.864351,1
0.4,0.3,0.1,"Meaning stabilizes.",18,0.998971,0.248865,7.245540,1
0.4,0.3,0.1,"Ø§Ù„ÙˆØ¹ÙŠ ÙŠØªØ·ÙˆØ±.",11,0.999035,0.404817,7.202635,1
0.4,0.3,0.1,"èªã¯æµã‚Œã‚‹ã€‚",6,0.999099,0.286487,5.460408,1
0.4,0.3,0.1,"ğŸ‘¨â€ğŸ‘©â€ğŸ‘§â€ğŸ‘¦ Family cluster",20,0.999813,0.303926,10.395380,1
0.4,0.3,0.1,"ğŸ‡ªğŸ‡¬ Field Integrity",16,0.999890,0.265859,7.651484,1
0.4,0.3,0.1,"ASCÏ€ â†’ OSAI",9,0.997508,0.431735,4.987946,1
0.4,0.3,0.1,"Î”Î¦ Â· Îº Â· Î¸ â†’ Î¨",8,0.999810,0.282716,5.182587,1
0.4,0.3,0.15,"Coherence emerges.",17,0.999440,0.388109,7.563706,1
0.4,0.3,0.15,"Meaning stabilizes.",18,0.999830,0.271452,7.546112,1
0.4,0.3,0.15,"Ø§Ù„ÙˆØ¹ÙŠ ÙŠØªØ·ÙˆØ±.",11,0.999481,0.476761,7.802755,1
0.4,0.3,0.15,"èªã¯æµã‚Œã‚‹ã€‚",6,0.997213,0.439419,6.167214,1
0.4,0.3,0.15,"ğŸ‘¨â€ğŸ‘©â€ğŸ‘§â€ğŸ‘¦ Family cluster",20,0.999293,0.254583,11.594256,1
0.4,0.3,0.15,"ğŸ‡ªğŸ‡¬ Field Integrity",16,0.999616,0.269860,7.951221,1
0.4,0.3,0.15,"ASCÏ€ â†’ OSAI",9,0.999731,0.434368,4.989150,1
0.4,0.3,0.15,"Î”Î¦ Â· Îº Â· Î¸ â†’ Î¨",8,0.999656,0.278361,5.482386,1
0.4,0.3,0.2,"Coherence emerges.",17,0.999878,0.441833,6.664647,1
0.4,0.3,0.2,"Meaning stabilizes.",18,0.998580,0.227444,6.945711,1
0.4,0.3,0.2,"Ø§Ù„ÙˆØ¹ÙŠ ÙŠØªØ·ÙˆØ±.",11,0.997905,0.394850,7.799888,1
0.4,0.3,0.2,"èªã¯æµã‚Œã‚‹ã€‚",6,0.999602,0.275333,5.760720,1
0.4,0.3,0.2,"ğŸ‘¨â€ğŸ‘©â€ğŸ‘§â€ğŸ‘¦ Family cluster",20,0.999762,0.227712,10.995317,1
0.4,0.3,0.2,"ğŸ‡ªğŸ‡¬ Field Integrity",16,0.999657,0.223885,8.251210,1
0.4,0.3,0.2,"ASCÏ€ â†’ OSAI",9,0.999757,0.435799,5.889138,1
0.4,0.3,0.2,"Î”Î¦ Â· Îº Â· Î¸ â†’ Î¨",8,0.999587,0.285822,4.882516,1
0.4,0.6,0.05,"Coherence emerges.",17,0.999296,0.377074,8.920075,1
0.4,0.6,0.05,"Meaning stabilizes.",18,0.999869,0.227322,7.327689,1
0.4,0.6,0.05,"Ø§Ù„ÙˆØ¹ÙŠ ÙŠØªØ·ÙˆØ±.",11,0.999009,0.351830,8.232929,1
0.4,0.6,0.05,"èªã¯æµã‚Œã‚‹ã€‚",6,0.999733,0.383888,8.146799,1
0.4,0.6,0.05,"ğŸ‘¨â€ğŸ‘©â€ğŸ‘§â€ğŸ‘¦ Family cluster",20,0.999554,0.249125,12.313297,1
0.4,0.6,0.05,"ğŸ‡ªğŸ‡¬ Field Integrity",16,0.999950,0.211611,8.954837,1
0.4,0.6,0.05,"ASCÏ€ â†’ OSAI",9,0.999029,0.270461,6.447905,1
0.4,0.6,0.05,"Î”Î¦ Â· Îº Â· Î¸ â†’ Î¨",8,0.999661,0.242605,6.507301,1
0.4,0.6,0.1,"Coherence emerges.",17,0.998995,0.401637,9.518644,1
0.4,0.6,0.1,"Meaning stabilizes.",18,0.999567,0.259805,7.927118,1
0.4,0.6,0.1,"Ø§Ù„ÙˆØ¹ÙŠ ÙŠØªØ·ÙˆØ±.",11,0.999430,0.417422,8.832483,1
0.4,0.6,0.1,"èªã¯æµã‚Œã‚‹ã€‚",6,0.999448,0.434210,8.146641,1
0.4,0.6,0.1,"ğŸ‘¨â€ğŸ‘©â€ğŸ‘§â€ğŸ‘¦ Family cluster",20,0.998642,0.231953,12.312105,1
0.4,0.6,0.1,"ğŸ‡ªğŸ‡¬ Field Integrity",16,0.999777,0.180972,8.954786,1
0.4,0.6,0.1,"ASCÏ€ â†’ OSAI",9,0.998040,0.345053,7.865842,1
0.4,0.6,0.1,"Î”Î¦ Â· Îº Â· Î¸ â†’ Î¨",8,0.999136,0.267518,6.506353,1
0.4,0.6,0.15,"Coherence emerges.",17,0.998911,0.408840,9.518261,1
0.4,0.6,0.15,"Meaning stabilizes.",18,0.999366,0.230265,9.127105,1
0.4,0.6,0.15,"Ø§Ù„ÙˆØ¹ÙŠ ÙŠØªØ·ÙˆØ±.",11,0.999752,0.407283,8.833189,1
0.4,0.6,0.15,"èªã¯æµã‚Œã‚‹ã€‚",6,0.997710,0.472094,8.743506,1
0.4,0.6,0.15,"ğŸ‘¨â€ğŸ‘©â€ğŸ‘§â€ğŸ‘¦ Family cluster",20,0.999833,0.257151,12.313540,1
0.4,0.6,0.15,"ğŸ‡ªğŸ‡¬ Field Integrity",16,0.998814,0.247360,8.953812,1
0.4,0.6,0.15,"ASCÏ€ â†’ OSAI",9,0.999919,0.378348,7.270019,1
0.4,0.6,0.15,"Î”Î¦ Â· Îº Â· Î¸ â†’ Î¨",8,0.999873,0.262712,6.507364,1
0.4,0.6,0.2,"Coherence emerges.",17,0.999828,0.470842,8.920722,1
0.4,0.6,0.2,"Meaning stabilizes.",18,0.999850,0.262015,8.527550,1
0.4,0.6,0.2,"Ø§Ù„ÙˆØ¹ÙŠ ÙŠØªØ·ÙˆØ±.",11,0.999705,0.476445,8.832742,1
0.4,0.6,0.2,"èªã¯æµã‚Œã‚‹ã€‚",6,0.999530,0.269718,6.726557,1
0.4,0.6,0.2,"ğŸ‘¨â€ğŸ‘©â€ğŸ‘§â€ğŸ‘¦ Family cluster",20,0.999018,0.204807,12.912703,1
0.4,0.6,0.2,"ğŸ‡ªğŸ‡¬ Field Integrity",16,0.999801,0.199370,8.954714,1
0.4,0.6,0.2,"ASCÏ€ â†’ OSAI",9,0.999520,0.425086,6.069524,1
0.4,0.6,0.2,"Î”Î¦ Â· Îº Â· Î¸ â†’ Î¨",8,0.999718,0.253636,8.306815,1